{"lambda": [[1.297525017206086, 1.3932696566306901, 1.4990189371981688, 2.2311149789081304, 2.193015511998247, 1.927081771307942, 1.8976860214346507, 1.549705426775451, 1.789361922603507], [1.3301105761877823, 1.49841920573916, 1.3781823759785505, 1.3936919174838653, 1.6912935389074466, 1.835655331441805, 1.5843657871767003, 1.653634602484667, 1.2045505068505955], [6.600479028621246, 1.524690498296268, 1.5536407762106832, 2.9278550911071473, 1.0920139633742163, 2.096711516879815, 1.5537524316036044, 1.5016067490574843, 1.5195355169340243], [1.5126065569534455, 1.6097428351571668, 1.486836675005334, 1.4110671222797886, 1.3965292050880258, 1.4826007402667662, 1.5110862742668725, 1.4975671417221441, 1.9425733846492093], [1.4902907961965444, 1.4775316530380316, 1.4633303965673607, 1.5628367487648231, 1.435488526362269, 1.4369757354167527, 1.5651079929286975, 1.4874863272672498, 1.441786334582299], [1.3257612421923886, 1.5225737509005768, 1.4082177924180028, 1.480578355743131, 1.4143664375277782, 1.2006103708315177, 1.3808253069460101, 1.0950229750272757, 1.4816381372110932], [1.6045261164338362, 1.3780148673432835, 1.3934141445443793, 1.5951910884944622, 1.5209286046661585, 1.4856850922577527, 1.3838772118922964, 1.3479714628190127, 1.3870924661414268], [1.456931732332938, 1.5675289780687924, 1.458552480194316, 1.5129828736924664, 1.3954958853507144, 1.37393807204519, 1.3108369590278466, 1.0623120710512317, 1.3491083618189463], [2.642087374320653, 2.0177506924768114, 2.832316850423005, 1.2656364237459838, 2.7588618080020475, 2.0448558902610317, 1.9410777858244888, 1.4806117436755686, 0.6265803361130746]], "p_geom": [[0.28756957193445576, 0.15930562753353902, 0.2124999719601844, 0.6242424164538908, 0.5988505725870136, 0.6798418681970168, 0.7206477694145867, 0.8137930925974746, 0.732394358520378], [0.13883171887903886, 0.08283807343764059, 0.14220934483441747, 0.5568862221736584, 0.5930680273354132, 0.5840455890199122, 0.6088560803594971, 0.7078313234270486, 0.547511339008474], [0.08491488218103145, 0.06360260346506975, 0.089968220002317, 0.45062499503178066, 0.541561706535937, 0.5344387710503481, 0.5314764956221741, 0.013061160237149629, 0.007314131704892234], [0.05258332044936601, 0.04614031226311013, 0.05798041348925596, 0.38338982394433613, 0.1706499610256433, 0.1157272616596566, 0.13543384294025523, 0.0657581370290719, 0.028645996335126104], [0.03391295410943832, 0.02952153232358423, 0.03943385411379045, 0.05819869277991623, 0.06453799558217402, 0.06696892685556625, 0.058319355755501234, 0.06937945874820466, 0.039610297059148356], [0.05154027570601964, 0.04036797639726484, 0.05549584296906416, 0.10561808626775865, 0.11287961914872233, 0.49249374208417734, 0.13276815581223766, 0.4425907708498465, 0.05528106459432752], [0.03674760327736482, 0.03421354914772635, 0.039724762918259465, 0.05069128372053584, 0.05653882733507844, 0.057901873280915526, 0.049814640842597006, 0.051401988460015674, 0.053244886203744055], [0.009222548387955607, 0.009686757605073933, 0.010977636514182581, 0.08973762487425457, 0.07852945008505885, 0.07428822802553027, 0.08180008700548845, 0.6840134737647788, 0.035744310973268016], [0.7608695622275035, 0.7130435223735365, 0.8997255943204, 0.6778242555607829, 0.742592584103357, 0.7191011116567441, 0.7499999961679392, 0.7176966265636718, 0.6526582227900393]], "p": [[0.0, 0.3264586247489314, 0.0, 0.0, 0.0, 0.0, 0.0, 0.0, 0.0], [0.11677121441543688, 0.3234052545993322, 0.09804149083847809, 0.0, 0.0, 0.0, 0.0, 0.0, 0.0], [0.16721793914888144, 0.34252101857538303, 0.38863255296032734, 0.0, 0.0, 0.0, 0.0, 0.9930384457986596, 0.9469868092955345], [0.9090786905447042, 0.8832482741955558, 0.9281050756545235, 0.0, 0.7941410648094276, 0.820284833835498, 0.8468800498840326, 0.931975888335257, 0.7328346930767363], [0.8906247487364732, 0.8452027186124778, 0.7700335134424775, 0.9009437447903317, 0.9282948196460455, 0.8960765836676677, 0.8818784018341472, 0.926210044365441, 0.81953085480027], [0.7310934547052265, 0.8824636132437579, 0.8715284839995296, 0.8436838084124829, 0.8810071287327729, 0.0, 0.8391967811598924, 0.0, 0.8765230370821385], [0.7631662753365003, 0.7775882635869719, 0.8987438941418853, 0.925287997524953, 0.9003594405500307, 0.927919187106524, 0.958082326450486, 0.9702074714809934, 0.9113948736881935], [0.9336585276947841, 0.8993596903804428, 0.8962425317647965, 0.9039878806648797, 0.9325511170479637, 0.9261008169184066, 0.9465668626332077, 0.0, 0.950281328527928], [0.0, 0.0, 0.10614884656848919, 0.0, 0.0, 0.0, 0.0, 0.0, 0.0]]}