{"lambda": [[0.9630776489143806, 1.129777673244141, 1.6807133373568675, 2.6965398766904403, 2.3715674436270895, 2.0271685715608054, 2.21628258488077, 2.2072865045181835, 1.8530087772266621], [0.749530060199958, 1.4900758152713804, 1.4912404389060232, 0.9977527922222048, 1.8994411416466397, 1.8218792811151399, 1.454864350216411, 0.7571468565938974, 1.557528566923826], [1.391535406732951, 1.5221770451165748, 0.6291606018302115, 0.35980547830195886, 0.5919257490075263, 1.6143628489356792, 1.1263070166711608, 1.0471425875991265, 1.465945996084169], [0.8959998284240754, 1.4890931978823014, 1.1690445541873442, 1.7308253500759427, 1.5452826836784526, 1.505733596826506, 1.4766756116560453, 0.8437646167217457, 1.623328211618629], [1.5046321504951734, 1.6351502077782012, 1.5643666401937666, 1.547830789394762, 1.551370966079546, 1.439340933404283, 1.4453657884471185, 1.5499924955996343, 1.5588806563118756], [1.0617266972594972, 0.7048638986163996, 1.0684570098584518, 1.5536772061522721, 1.4523357676761082, 1.4868448754758126, 1.4401446302219947, 1.2889481410695975, 1.5055152978232464], [0.5294478618680285, 0.5776975159499452, 1.2329286158926807, 1.681557957685577, 1.531739483192387, 1.4580978658737307, 0.41638230243164087, 0.7552790775445641, 1.5237964333262766], [1.2908079759695619, 1.4207463554575872, 1.3557669547339435, 1.575769086190285, 1.4472430212554006, 1.4342854299541512, 1.387879689575071, 0.9174426087846951, 1.3630803161436205], [1.1349147827648227, 1.4041443038578292, 1.3216246853814555, 1.3653432203421065, 0.3369663711774602, 0.8658501978473273, 0.5994397200023697, 1.2189051326374825, 1.3201696390487194]], "p_geom": [[0.4180790958443549, 0.49831648882340907, 0.43307095393717593, 0.6006711322624273, 0.6303940146132684, 0.6840490565592869, 0.7412586445053835, 0.7431192704338141, 0.666666664214174], [0.4685816814214611, 0.13467878484086693, 0.4453507243138079, 0.62674107459814, 0.6550598371347087, 0.6600199272523726, 0.7027707766414472, 0.6334661322084401, 0.023826570115870513], [0.1381843072405049, 0.11405647216242527, 0.5186246354992847, 0.5552596505899293, 0.5944170733319182, 0.6129271866967395, 0.6416415949500726, 0.6849315028428702, 0.09484129404164332], [0.5290858677879587, 0.12292342385102424, 0.5728542871491297, 0.1215628594882402, 0.16503172017770418, 0.12655026289908017, 0.10902429881127679, 0.46399176733939845, 0.07037070043896658], [0.011085249190572978, 0.011983245630610739, 0.012490975721487215, 0.10511605363453368, 0.11088851985074967, 0.11566250560240139, 0.11545056182442964, 0.08464492855021816, 0.0333896600567516], [0.5224359071602104, 0.49340368577969534, 0.591263636569414, 0.08806656092769168, 0.11798118227455497, 0.1043746125070723, 0.12980279681991858, 0.42725172142197626, 0.04176936512257916], [0.5233644779698015, 0.47813433496002355, 0.6473429879135599, 0.10528732876516787, 0.13514027112635615, 0.12969444515078404, 0.5297104990464235, 0.5799126598784923, 0.05665111843963131], [0.07845056230714124, 0.06330305796547406, 0.07323635729745322, 0.06371686794164654, 0.06976868589046728, 0.0657914372377618, 0.07243236072180675, 0.6389351060023484, 0.06555954683883208], [0.09560422237607778, 0.0532034179129736, 0.07702394117818069, 0.08528687534512093, 0.5699152538338021, 0.6110124272609688, 0.6096654144731639, 0.6931407914745926, 0.0565878113417166]], "p": [[0.0, 0.0, 0.0, 0.0, 0.0, 0.0, 0.0, 0.0, 0.0], [0.0, 0.8112464663441341, 0.0, 0.0, 0.0, 0.0, 0.0, 0.0, 0.9819813436384585], [0.689940144456073, 0.8452362915414361, 0.0, 0.0, 0.0, 0.0, 0.0, 0.0, 0.9230628199121899], [0.0, 0.8653802801883714, 0.0, 0.8497269450127461, 0.7707709672239345, 0.8034270706402739, 0.8681885029109386, 0.0, 0.688368094997174], [0.972717597356808, 0.9547288057366148, 0.9442325247273043, 0.8241138562039405, 0.8831226663326076, 0.8513043772883818, 0.7992115713053256, 0.9117512312418468, 0.7929077130212945], [0.0, 0.0, 0.0, 0.8620803215587551, 0.863702270412439, 0.911726451142222, 0.8627981191352926, 0.0, 0.8962880408459435], [0.0, 0.0, 0.0, 0.9103922971171242, 0.8568407460291331, 0.8947522522203334, 0.0, 0.0, 0.9146328593669555], [0.9108169502372307, 0.912889731504165, 0.9142225211121834, 0.9311442073726423, 0.9443363202092759, 0.9487140247788404, 0.9594131613761533, 0.0, 0.9241875802483533], [0.9119944646915422, 0.957808102110776, 0.9587361827075475, 0.9541972746689455, 0.0, 0.0, 0.0, 0.0, 0.9759173410407866]]}