{"lambda": [[3.4376839910997914], [3.5729275770210753], [3.375219072805224], [2.433885913737744], [2.3961887830012714], [2.2437597700481033], [2.055531134392794], [1.9420729842083353], [1.7297670446678595]], "p_geom": [[0.08700732584107428], [0.05577719164855523], [0.04091436962401659], [0.045464186523735406], [0.024379541251641226], [0.04550923334841544], [0.06107110399077362], [0.05123771055427249], [0.0864738639871716]], "p": [[0.8223426553577908], [0.87144053824592], [0.9133041500755733], [0.7998360678901915], [0.8613978321517041], [0.8323777982303278], [0.8207985918176729], [0.8740281882475738], [0.8802325146616078]]}