{"lambda": [[3.3415056990761465], [3.2430533496912433], [3.1840344659005373], [1.9952816098746968], [2.094151797340899], [1.9482332490921266], [1.924880507759345], [1.8976476077650477], [1.6423008388756406]], "p_geom": [[0.05033387884349787], [0.0318418025737487], [0.023172343795985297], [0.032557721909866465], [0.020045647231660444], [0.029264371183545166], [0.027018250480746193], [0.02220263813578233], [0.1295384631678538]], "p": [[0.7642803649352591], [0.63020297990788], [0.6693025743112706], [0.8675705652897034], [0.8925595641692562], [0.883941668204225], [0.9021392292311988], [0.9351974077478368], [0.891734907976673]]}