{"lambda": [[3.4327349147190858], [3.551585241362882], [3.3440418848330125], [2.3721922981820454], [2.364322054571353], [2.22267181805606], [2.010797314829609], [1.9132296838893903], [1.659503193550719]], "p_geom": [[0.0881252152863618], [0.05531688707872935], [0.04113550913687478], [0.04419021329831724], [0.023367462157090686], [0.044006332115217976], [0.06139473455346491], [0.05040412037230519], [0.0863104369588689]], "p": [[0.8215459681477146], [0.8747935259865417], [0.9148688153272357], [0.8066887816239162], [0.8687107033048166], [0.8446614975765396], [0.82292566121961], [0.8804170746088966], [0.8816957538434409]]}