{"lambda": [[3.3428037177769534], [3.236498203278975], [3.184252577164154], [1.9425715105338537], [2.050649499275664], [1.9077270612019133], [1.8972643002741507], [1.850512142550067], [1.6051810427162787]], "p_geom": [[0.05053452770507802], [0.03169751226462592], [0.023074389215645967], [0.031698604742655574], [0.018711217652092632], [0.02866701930761074], [0.025643834508572303], [0.021730185378298787], [0.13217671108443738]], "p": [[0.7645852729958591], [0.6252449286504485], [0.6619594590442582], [0.8735515370675694], [0.894568414653333], [0.8872148619311073], [0.9061965308895917], [0.9356652186668561], [0.8938067465330826]]}